roll_call_id,people_id,vote,vote_desc
1516424,5906,2,Nay
1516425,5906,2,Nay
1516381,21679,2,Nay
1516382,21679,2,Nay
1517546,5850,1,Yea
1517546,5875,1,Yea
1517546,5904,1,Yea
1517546,5906,1,Yea
1517546,5921,1,Yea
1517546,5929,4,Absent
1517546,5933,1,Yea
1517546,5949,1,Yea
1517546,5962,1,Yea
1517546,6014,1,Yea
1517546,6015,1,Yea
1517546,6019,1,Yea
1517546,6029,2,Nay
1517546,6032,1,Yea
1517546,11013,1,Yea
1517546,11015,1,Yea
1517546,11020,1,Yea
1517546,11599,2,Nay
1517546,15077,1,Yea
1517546,16267,1,Yea
1517546,16834,1,Yea
1517546,17365,1,Yea
1517546,19686,1,Yea
1517546,19730,1,Yea
1517546,20015,1,Yea
1517546,20805,1,Yea
1517546,21679,2,Nay
1517546,24827,1,Yea
1517546,25224,1,Yea
1517546,26344,1,Yea
1517546,26345,1,Yea
1517528,5850,1,Yea
1517528,5875,1,Yea
1517528,5904,1,Yea
1517528,5906,1,Yea
1517528,5921,1,Yea
1517528,5929,4,Absent
1517528,5933,2,Nay
1517528,5949,1,Yea
1517528,5962,1,Yea
1517528,6014,1,Yea
1517528,6015,1,Yea
1517528,6019,1,Yea
1517528,6029,1,Yea
1517528,6032,1,Yea
1517528,11013,2,Nay
1517528,11015,1,Yea
1517528,11020,1,Yea
1517528,11599,1,Yea
1517528,15077,1,Yea
1517528,16267,1,Yea
1517528,16834,1,Yea
1517528,17365,1,Yea
1517528,19686,1,Yea
1517528,19730,1,Yea
1517528,20015,1,Yea
1517528,20805,1,Yea
1517528,21679,1,Yea
1517528,24827,1,Yea
1517528,25224,1,Yea
1517528,26344,1,Yea
1517528,26345,1,Yea
1517529,5850,1,Yea
1517529,5875,1,Yea
1517529,5904,1,Yea
1517529,5906,1,Yea
1517529,5921,1,Yea
1517529,5929,4,Absent
1517529,5933,2,Nay
1517529,5949,1,Yea
1517529,5962,1,Yea
1517529,6014,1,Yea
1517529,6015,1,Yea
1517529,6019,1,Yea
1517529,6029,1,Yea
1517529,6032,1,Yea
1517529,11013,2,Nay
1517529,11015,1,Yea
1517529,11020,1,Yea
1517529,11599,1,Yea
1517529,15077,1,Yea
1517529,16267,1,Yea
1517529,16834,1,Yea
1517529,17365,1,Yea
1517529,19686,1,Yea
1517529,19730,1,Yea
1517529,20015,1,Yea
1517529,20805,1,Yea
1517529,21679,1,Yea
1517529,24827,1,Yea
1517529,25224,1,Yea
1517529,26344,1,Yea
1517529,26345,1,Yea
1517530,5850,1,Yea
1517530,5875,1,Yea
1517530,5904,1,Yea
1517530,5906,1,Yea
1517530,5921,1,Yea
1517530,5929,4,Absent
1517530,5933,2,Nay
1517530,5949,1,Yea
1517530,5962,1,Yea
1517530,6014,1,Yea
1517530,6015,1,Yea
1517530,6019,1,Yea
1517530,6029,1,Yea
1517530,6032,1,Yea
1517530,11013,2,Nay
1517530,11015,1,Yea
1517530,11020,1,Yea
1517530,11599,1,Yea
1517530,15077,1,Yea
1517530,16267,1,Yea
1517530,16834,1,Yea
1517530,17365,1,Yea
1517530,19686,1,Yea
1517530,19730,1,Yea
1517530,20015,1,Yea
1517530,20805,1,Yea
1517530,21679,1,Yea
1517530,24827,1,Yea
1517530,25224,1,Yea
1517530,26344,1,Yea
1517530,26345,1,Yea
1471613,5848,1,Yea
1471613,5851,1,Yea
1471613,5862,1,Yea
1471613,5874,1,Yea
1471613,5877,1,Yea
1471613,5879,2,Nay
1471613,5884,1,Yea
1471613,5899,1,Yea
1471613,5903,1,Yea
1471613,5912,1,Yea
1471613,5920,1,Yea
1471613,5922,1,Yea
1471613,5944,1,Yea
1471613,5945,1,Yea
1471613,5954,1,Yea
1471613,5971,1,Yea
1471613,5979,1,Yea
1471613,5996,1,Yea
1471613,5997,1,Yea
1471613,11346,1,Yea
1471613,11349,1,Yea
1471613,11598,1,Yea
1471613,14046,2,Nay
1471613,14047,1,Yea
1471613,14236,1,Yea
1471613,14568,1,Yea
1471613,14783,1,Yea
1471613,14784,1,Yea
1471613,14785,1,Yea
1471613,14786,1,Yea
1471613,14990,1,Yea
1471613,15351,1,Yea
1471613,15352,1,Yea
1471613,15409,1,Yea
1471613,15425,1,Yea
1471613,15628,1,Yea
1471613,15629,1,Yea
1471613,15631,1,Yea
1471613,15686,1,Yea
1471613,16346,1,Yea
1471613,16526,1,Yea
1471613,16836,1,Yea
1471613,16840,1,Yea
1471613,16842,1,Yea
1471613,16843,1,Yea
1471613,16845,1,Yea
1471613,16846,1,Yea
1471613,16847,1,Yea
1471613,16848,1,Yea
1471613,16851,1,Yea
1471613,17574,1,Yea
1471613,17576,1,Yea
1471613,17631,1,Yea
1471613,17984,1,Yea
1471613,18029,2,Nay
1471613,18672,1,Yea
1471613,18673,1,Yea
1471613,18674,1,Yea
1471613,18675,1,Yea
1471613,18680,1,Yea
1471613,18682,1,Yea
1471613,19319,1,Yea
1471613,19959,1,Yea
1471613,20016,1,Yea
1471613,20173,1,Yea
1471613,20228,1,Yea
1471613,20229,1,Yea
1471613,20230,1,Yea
1471613,20232,1,Yea
1471613,20234,1,Yea
1471613,20235,1,Yea
1471613,20236,1,Yea
1471613,20237,1,Yea
1471613,20240,1,Yea
1471613,20241,1,Yea
1471613,20243,2,Nay
1471613,20246,1,Yea
1471613,20248,1,Yea
1471613,21335,1,Yea
1471613,21336,1,Yea
1471613,21636,1,Yea
1471613,21683,1,Yea
1471613,21776,1,Yea
1471613,22136,1,Yea
1471613,22376,1,Yea
1471613,22427,1,Yea
1471613,22431,1,Yea
1471613,22433,1,Yea
1471613,22435,1,Yea
1471613,22437,1,Yea
1471613,22896,1,Yea
1471613,22955,1,Yea
1471613,23106,1,Yea
1471613,23120,1,Yea
1471613,23145,2,Nay
1471613,23179,1,Yea
1471613,23180,1,Yea
1471613,23184,1,Yea
1471613,23190,1,Yea
1471613,23342,1,Yea
1471613,23384,1,Yea
1471613,24075,1,Yea
1471613,24076,1,Yea
1471613,24077,1,Yea
1471613,24078,1,Yea
1471613,24079,1,Yea
1471613,24080,1,Yea
1471613,24082,1,Yea
1471613,24083,1,Yea
1471613,24084,1,Yea
1471613,24085,1,Yea
1471613,24086,1,Yea
1471613,24087,1,Yea
1471613,24088,1,Yea
1471613,24089,1,Yea
1471613,24090,1,Yea
1471613,24091,1,Yea
1471613,24094,1,Yea
1471613,25225,1,Yea
1471613,25226,1,Yea
1471613,25227,1,Yea
1471613,25228,1,Yea
1471613,25229,1,Yea
1471613,25230,1,Yea
1471613,25231,1,Yea
1471613,25235,1,Yea
1471613,25236,1,Yea
1471613,25237,1,Yea
1471613,25361,1,Yea
1471613,25362,1,Yea
1471613,25434,1,Yea
1471613,25510,1,Yea
1471613,25511,1,Yea
1471613,25512,1,Yea
1471613,25519,1,Yea
1471613,26329,1,Yea
1471613,26330,1,Yea
1471613,26331,1,Yea
1471613,26332,1,Yea
1471613,26333,1,Yea
1471613,26334,1,Yea
1471613,26335,1,Yea
1471613,26336,1,Yea
1471613,26337,1,Yea
1471613,26338,1,Yea
1471613,26339,1,Yea
1471613,26340,1,Yea
1471613,26341,1,Yea
1471613,26342,1,Yea
1471613,26343,1,Yea
1471674,5848,1,Yea
1471674,5851,1,Yea
1471674,5862,1,Yea
1471674,5874,1,Yea
1471674,5877,1,Yea
1471674,5879,1,Yea
1471674,5884,1,Yea
1471674,5899,1,Yea
1471674,5903,1,Yea
1471674,5912,1,Yea
1471674,5920,1,Yea
1471674,5922,1,Yea
1471674,5944,1,Yea
1471674,5945,1,Yea
1471674,5954,1,Yea
1471674,5971,1,Yea
1471674,5979,1,Yea
1471674,5996,1,Yea
1471674,5997,1,Yea
1471674,11346,2,Nay
1471674,11349,1,Yea
1471674,11598,1,Yea
1471674,14046,1,Yea
1471674,14047,1,Yea
1471674,14236,1,Yea
1471674,14568,1,Yea
1471674,14783,1,Yea
1471674,14784,1,Yea
1471674,14785,1,Yea
1471674,14786,1,Yea
1471674,14990,1,Yea
1471674,15351,1,Yea
1471674,15352,1,Yea
1471674,15409,2,Nay
1471674,15425,1,Yea
1471674,15628,1,Yea
1471674,15629,1,Yea
1471674,15631,1,Yea
1471674,15686,1,Yea
1471674,16346,1,Yea
1471674,16526,1,Yea
1471674,16836,3,NV
1471674,16840,1,Yea
1471674,16842,1,Yea
1471674,16843,1,Yea
1471674,16845,1,Yea
1471674,16846,1,Yea
1471674,16847,4,Absent
1471674,16848,1,Yea
1471674,16851,2,Nay
1471674,17574,1,Yea
1471674,17576,1,Yea
1471674,17631,1,Yea
1471674,17984,1,Yea
1471674,18029,1,Yea
1471674,18672,1,Yea
1471674,18673,1,Yea
1471674,18674,1,Yea
1471674,18675,1,Yea
1471674,18680,2,Nay
1471674,18682,1,Yea
1471674,19319,2,Nay
1471674,19959,1,Yea
1471674,20016,1,Yea
1471674,20173,1,Yea
1471674,20228,1,Yea
1471674,20229,1,Yea
1471674,20230,1,Yea
1471674,20232,1,Yea
1471674,20234,1,Yea
1471674,20235,1,Yea
1471674,20236,1,Yea
1471674,20237,1,Yea
1471674,20240,1,Yea
1471674,20241,1,Yea
1471674,20243,1,Yea
1471674,20246,1,Yea
1471674,20248,1,Yea
1471674,21335,1,Yea
1471674,21336,1,Yea
1471674,21636,1,Yea
1471674,21683,1,Yea
1471674,21776,1,Yea
1471674,22136,1,Yea
1471674,22376,1,Yea
1471674,22427,1,Yea
1471674,22431,1,Yea
1471674,22433,1,Yea
1471674,22435,2,Nay
1471674,22437,1,Yea
1471674,22896,1,Yea
1471674,22955,2,Nay
1471674,23106,1,Yea
1471674,23120,1,Yea
1471674,23145,1,Yea
1471674,23179,1,Yea
1471674,23180,1,Yea
1471674,23184,1,Yea
1471674,23190,2,Nay
1471674,23342,1,Yea
1471674,23384,1,Yea
1471674,24075,1,Yea
1471674,24076,1,Yea
1471674,24077,1,Yea
1471674,24078,1,Yea
1471674,24079,1,Yea
1471674,24080,1,Yea
1471674,24082,1,Yea
1471674,24083,1,Yea
1471674,24084,1,Yea
1471674,24085,2,Nay
1471674,24086,2,Nay
1471674,24087,1,Yea
1471674,24088,1,Yea
1471674,24089,1,Yea
1471674,24090,1,Yea
1471674,24091,1,Yea
1471674,24094,1,Yea
1471674,25225,1,Yea
1471674,25226,1,Yea
1471674,25227,2,Nay
1471674,25228,1,Yea
1471674,25229,1,Yea
1471674,25230,2,Nay
1471674,25231,2,Nay
1471674,25235,1,Yea
1471674,25236,2,Nay
1471674,25237,2,Nay
1471674,25361,1,Yea
1471674,25362,1,Yea
1471674,25434,1,Yea
1471674,25510,1,Yea
1471674,25511,1,Yea
1471674,25512,1,Yea
1471674,25519,1,Yea
1471674,26329,1,Yea
1471674,26330,1,Yea
1471674,26331,1,Yea
1471674,26332,1,Yea
1471674,26333,2,Nay
1471674,26334,2,Nay
1471674,26335,1,Yea
1471674,26336,1,Yea
1471674,26337,2,Nay
1471674,26338,2,Nay
1471674,26339,1,Yea
1471674,26340,1,Yea
1471674,26341,1,Yea
1471674,26342,1,Yea
1471674,26343,1,Yea
1507835,5850,1,Yea
1507835,5875,2,Nay
1507835,5904,1,Yea
1507835,5906,1,Yea
1507835,5921,2,Nay
1507835,5929,1,Yea
1507835,5933,1,Yea
1507835,5949,1,Yea
1507835,5962,1,Yea
1507835,6014,1,Yea
1507835,6015,1,Yea
1507835,6019,1,Yea
1507835,6029,1,Yea
1507835,6032,1,Yea
1507835,11013,1,Yea
1507835,11015,1,Yea
1507835,11020,1,Yea
1507835,11599,4,Absent
1507835,15077,1,Yea
1507835,16267,1,Yea
1507835,16834,1,Yea
1507835,17365,1,Yea
1507835,19686,1,Yea
1507835,19730,1,Yea
1507835,20015,2,Nay
1507835,20805,1,Yea
1507835,21679,1,Yea
1507835,24827,1,Yea
1507835,25224,1,Yea
1507835,26344,1,Yea
1507835,26345,1,Yea
1507836,5850,1,Yea
1507836,5875,2,Nay
1507836,5904,2,Nay
1507836,5906,2,Nay
1507836,5921,1,Yea
1507836,5929,1,Yea
1507836,5933,1,Yea
1507836,5949,1,Yea
1507836,5962,1,Yea
1507836,6014,1,Yea
1507836,6015,1,Yea
1507836,6019,2,Nay
1507836,6029,1,Yea
1507836,6032,1,Yea
1507836,11013,1,Yea
1507836,11015,1,Yea
1507836,11020,1,Yea
1507836,11599,4,Absent
1507836,15077,1,Yea
1507836,16267,1,Yea
1507836,16834,1,Yea
1507836,17365,2,Nay
1507836,19686,1,Yea
1507836,19730,1,Yea
1507836,20015,1,Yea
1507836,20805,1,Yea
1507836,21679,1,Yea
1507836,24827,1,Yea
1507836,25224,1,Yea
1507836,26344,1,Yea
1507836,26345,1,Yea
1473848,5848,1,Yea
1473848,5851,1,Yea
1473848,5862,1,Yea
1473848,5874,1,Yea
1473848,5877,1,Yea
1473848,5879,4,Absent
1473848,5884,1,Yea
1473848,5899,1,Yea
1473848,5903,1,Yea
1473848,5912,1,Yea
1473848,5920,1,Yea
1473848,5922,4,Absent
1473848,5944,4,Absent
1473848,5945,1,Yea
1473848,5954,1,Yea
1473848,5971,1,Yea
1473848,5979,1,Yea
1473848,5996,1,Yea
1473848,5997,1,Yea
1473848,11346,2,Nay
1473848,11349,1,Yea
1473848,11598,1,Yea
1473848,14046,1,Yea
1473848,14047,1,Yea
1473848,14236,1,Yea
1473848,14568,1,Yea
1473848,14783,1,Yea
1473848,14784,1,Yea
1473848,14785,1,Yea
1473848,14786,4,Absent
1473848,14990,1,Yea
1473848,15351,1,Yea
1473848,15352,1,Yea
1473848,15409,2,Nay
1473848,15425,1,Yea
1473848,15628,1,Yea
1473848,15629,1,Yea
1473848,15631,1,Yea
1473848,15686,1,Yea
1473848,16346,1,Yea
1473848,16526,1,Yea
1473848,16836,3,NV
1473848,16840,1,Yea
1473848,16842,2,Nay
1473848,16843,1,Yea
1473848,16845,1,Yea
1473848,16846,2,Nay
1473848,16847,1,Yea
1473848,16848,1,Yea
1473848,16851,2,Nay
1473848,17574,1,Yea
1473848,17576,1,Yea
1473848,17631,1,Yea
1473848,17984,2,Nay
1473848,18029,1,Yea
1473848,18672,1,Yea
1473848,18673,1,Yea
1473848,18674,1,Yea
1473848,18675,1,Yea
1473848,18680,2,Nay
1473848,18682,1,Yea
1473848,19319,1,Yea
1473848,19959,1,Yea
1473848,20016,1,Yea
1473848,20173,1,Yea
1473848,20228,1,Yea
1473848,20229,1,Yea
1473848,20230,1,Yea
1473848,20232,1,Yea
1473848,20234,1,Yea
1473848,20235,1,Yea
1473848,20236,1,Yea
1473848,20237,1,Yea
1473848,20240,1,Yea
1473848,20241,1,Yea
1473848,20243,2,Nay
1473848,20246,1,Yea
1473848,20248,1,Yea
1473848,21335,1,Yea
1473848,21336,4,Absent
1473848,21636,1,Yea
1473848,21683,1,Yea
1473848,21776,2,Nay
1473848,22136,4,Absent
1473848,22376,2,Nay
1473848,22427,1,Yea
1473848,22431,1,Yea
1473848,22433,1,Yea
1473848,22435,2,Nay
1473848,22437,1,Yea
1473848,22896,1,Yea
1473848,22955,2,Nay
1473848,23106,1,Yea
1473848,23120,1,Yea
1473848,23145,1,Yea
1473848,23179,2,Nay
1473848,23180,1,Yea
1473848,23184,1,Yea
1473848,23190,2,Nay
1473848,23342,1,Yea
1473848,23384,1,Yea
1473848,24075,1,Yea
1473848,24076,1,Yea
1473848,24077,2,Nay
1473848,24078,1,Yea
1473848,24079,2,Nay
1473848,24080,1,Yea
1473848,24082,1,Yea
1473848,24083,1,Yea
1473848,24084,2,Nay
1473848,24085,2,Nay
1473848,24086,2,Nay
1473848,24087,1,Yea
1473848,24088,1,Yea
1473848,24089,1,Yea
1473848,24090,1,Yea
1473848,24091,1,Yea
1473848,24094,1,Yea
1473848,25225,1,Yea
1473848,25226,1,Yea
1473848,25227,2,Nay
1473848,25228,1,Yea
1473848,25229,2,Nay
1473848,25230,2,Nay
1473848,25231,2,Nay
1473848,25235,1,Yea
1473848,25236,2,Nay
1473848,25237,2,Nay
1473848,25361,1,Yea
1473848,25362,2,Nay
1473848,25434,2,Nay
1473848,25510,1,Yea
1473848,25511,4,Absent
1473848,25512,1,Yea
1473848,25519,2,Nay
1473848,26329,1,Yea
1473848,26330,1,Yea
1473848,26331,2,Nay
1473848,26332,2,Nay
1473848,26333,2,Nay
1473848,26334,2,Nay
1473848,26335,1,Yea
1473848,26336,1,Yea
1473848,26337,2,Nay
1473848,26338,2,Nay
1473848,26339,1,Yea
1473848,26340,2,Nay
1473848,26341,1,Yea
1473848,26342,1,Yea
1473848,26343,1,Yea
1473849,5848,1,Yea
1473849,5851,1,Yea
1473849,5862,1,Yea
1473849,5874,1,Yea
1473849,5877,1,Yea
1473849,5879,4,Absent
1473849,5884,2,Nay
1473849,5899,1,Yea
1473849,5903,1,Yea
1473849,5912,1,Yea
1473849,5920,1,Yea
1473849,5922,1,Yea
1473849,5944,4,Absent
1473849,5945,1,Yea
1473849,5954,1,Yea
1473849,5971,1,Yea
1473849,5979,1,Yea
1473849,5996,1,Yea
1473849,5997,1,Yea
1473849,11346,2,Nay
1473849,11349,1,Yea
1473849,11598,1,Yea
1473849,14046,1,Yea
1473849,14047,1,Yea
1473849,14236,1,Yea
1473849,14568,1,Yea
1473849,14783,1,Yea
1473849,14784,1,Yea
1473849,14785,1,Yea
1473849,14786,4,Absent
1473849,14990,1,Yea
1473849,15351,1,Yea
1473849,15352,1,Yea
1473849,15409,1,Yea
1473849,15425,1,Yea
1473849,15628,1,Yea
1473849,15629,1,Yea
1473849,15631,1,Yea
1473849,15686,1,Yea
1473849,16346,1,Yea
1473849,16526,1,Yea
1473849,16836,3,NV
1473849,16840,1,Yea
1473849,16842,1,Yea
1473849,16843,1,Yea
1473849,16845,1,Yea
1473849,16846,1,Yea
1473849,16847,1,Yea
1473849,16848,1,Yea
1473849,16851,2,Nay
1473849,17574,1,Yea
1473849,17576,1,Yea
1473849,17631,1,Yea
1473849,17984,1,Yea
1473849,18029,1,Yea
1473849,18672,1,Yea
1473849,18673,1,Yea
1473849,18674,1,Yea
1473849,18675,1,Yea
1473849,18680,1,Yea
1473849,18682,1,Yea
1473849,19319,2,Nay
1473849,19959,1,Yea
1473849,20016,1,Yea
1473849,20173,1,Yea
1473849,20228,1,Yea
1473849,20229,1,Yea
1473849,20230,1,Yea
1473849,20232,1,Yea
1473849,20234,1,Yea
1473849,20235,1,Yea
1473849,20236,1,Yea
1473849,20237,1,Yea
1473849,20240,1,Yea
1473849,20241,1,Yea
1473849,20243,4,Absent
1473849,20246,1,Yea
1473849,20248,1,Yea
1473849,21335,1,Yea
1473849,21336,4,Absent
1473849,21636,1,Yea
1473849,21683,1,Yea
1473849,21776,1,Yea
1473849,22136,4,Absent
1473849,22376,1,Yea
1473849,22427,1,Yea
1473849,22431,1,Yea
1473849,22433,1,Yea
1473849,22435,1,Yea
1473849,22437,1,Yea
1473849,22896,1,Yea
1473849,22955,2,Nay
1473849,23106,1,Yea
1473849,23120,1,Yea
1473849,23145,1,Yea
1473849,23179,1,Yea
1473849,23180,1,Yea
1473849,23184,1,Yea
1473849,23190,2,Nay
1473849,23342,1,Yea
1473849,23384,1,Yea
1473849,24075,1,Yea
1473849,24076,1,Yea
1473849,24077,2,Nay
1473849,24078,1,Yea
1473849,24079,2,Nay
1473849,24080,1,Yea
1473849,24082,1,Yea
1473849,24083,1,Yea
1473849,24084,2,Nay
1473849,24085,2,Nay
1473849,24086,2,Nay
1473849,24087,1,Yea
1473849,24088,1,Yea
1473849,24089,1,Yea
1473849,24090,1,Yea
1473849,24091,1,Yea
1473849,24094,1,Yea
1473849,25225,1,Yea
1473849,25226,1,Yea
1473849,25227,2,Nay
1473849,25228,1,Yea
1473849,25229,2,Nay
1473849,25230,2,Nay
1473849,25231,2,Nay
1473849,25235,1,Yea
1473849,25236,2,Nay
1473849,25237,2,Nay
1473849,25361,1,Yea
1473849,25362,2,Nay
1473849,25434,1,Yea
1473849,25510,1,Yea
1473849,25511,4,Absent
1473849,25512,1,Yea
1473849,25519,2,Nay
1473849,26329,1,Yea
1473849,26330,1,Yea
1473849,26331,1,Yea
1473849,26332,4,Absent
1473849,26333,2,Nay
1473849,26334,2,Nay
1473849,26335,4,Absent
1473849,26336,1,Yea
1473849,26337,2,Nay
1473849,26338,4,Absent
1473849,26339,1,Yea
1473849,26340,2,Nay
1473849,26341,1,Yea
1473849,26342,1,Yea
1473849,26343,1,Yea
1516134,5850,1,Yea
1516134,5875,1,Yea
1516134,5904,1,Yea
1516134,5906,1,Yea
1516134,5921,1,Yea
1516134,5929,1,Yea
1516134,5933,1,Yea
1516134,5949,1,Yea
1516134,5962,1,Yea
1516134,6014,1,Yea
1516134,6015,1,Yea
1516134,6019,1,Yea
1516134,6029,1,Yea
1516134,6032,1,Yea
1516134,11013,1,Yea
1516134,11015,1,Yea
1516134,11020,1,Yea
1516134,11599,1,Yea
1516134,15077,1,Yea
1516134,16267,1,Yea
1516134,16834,1,Yea
1516134,17365,1,Yea
1516134,19686,1,Yea
1516134,19730,1,Yea
1516134,20015,1,Yea
1516134,20805,2,Nay
1516134,21679,2,Nay
1516134,24827,1,Yea
1516134,25224,2,Nay
1516134,26344,1,Yea
1516134,26345,1,Yea
1516135,5850,1,Yea
1516135,5875,1,Yea
1516135,5904,1,Yea
1516135,5906,1,Yea
1516135,5921,1,Yea
1516135,5929,1,Yea
1516135,5933,1,Yea
1516135,5949,1,Yea
1516135,5962,1,Yea
1516135,6014,1,Yea
1516135,6015,1,Yea
1516135,6019,1,Yea
1516135,6029,1,Yea
1516135,6032,1,Yea
1516135,11013,1,Yea
1516135,11015,1,Yea
1516135,11020,1,Yea
1516135,11599,1,Yea
1516135,15077,1,Yea
1516135,16267,1,Yea
1516135,16834,1,Yea
1516135,17365,1,Yea
1516135,19686,1,Yea
1516135,19730,1,Yea
1516135,20015,1,Yea
1516135,20805,2,Nay
1516135,21679,2,Nay
1516135,24827,1,Yea
1516135,25224,2,Nay
1516135,26344,1,Yea
1516135,26345,1,Yea
1483045,5850,2,Nay
1483045,5875,1,Yea
1483045,5904,2,Nay
1483045,5906,1,Yea
1483045,5921,1,Yea
1483045,5929,1,Yea
1483045,5933,1,Yea
1483045,5949,2,Nay
1483045,5962,1,Yea
1483045,6014,2,Nay
1483045,6015,1,Yea
1483045,6019,1,Yea
1483045,6029,2,Nay
1483045,6032,2,Nay
1483045,11013,1,Yea
1483045,11015,1,Yea
1483045,11020,1,Yea
1483045,11599,2,Nay
1483045,15077,1,Yea
1483045,16267,1,Yea
1483045,16834,2,Nay
1483045,17365,1,Yea
1483045,19686,1,Yea
1483045,19730,1,Yea
1483045,20015,1,Yea
1483045,20805,2,Nay
1483045,21679,2,Nay
1483045,24827,1,Yea
1483045,25224,2,Nay
1483045,26344,1,Yea
1483045,26345,1,Yea
1483046,5850,2,Nay
1483046,5875,1,Yea
1483046,5904,2,Nay
1483046,5906,1,Yea
1483046,5921,1,Yea
1483046,5929,1,Yea
1483046,5933,1,Yea
1483046,5949,2,Nay
1483046,5962,1,Yea
1483046,6014,2,Nay
1483046,6015,1,Yea
1483046,6019,1,Yea
1483046,6029,2,Nay
1483046,6032,2,Nay
1483046,11013,1,Yea
1483046,11015,1,Yea
1483046,11020,1,Yea
1483046,11599,2,Nay
1483046,15077,1,Yea
1483046,16267,1,Yea
1483046,16834,2,Nay
1483046,17365,1,Yea
1483046,19686,1,Yea
1483046,19730,1,Yea
1483046,20015,1,Yea
1483046,20805,2,Nay
1483046,21679,2,Nay
1483046,24827,1,Yea
1483046,25224,2,Nay
1483046,26344,1,Yea
1483046,26345,1,Yea
1483047,5850,2,Nay
1483047,5875,1,Yea
1483047,5904,2,Nay
1483047,5906,1,Yea
1483047,5921,1,Yea
1483047,5929,1,Yea
1483047,5933,1,Yea
1483047,5949,2,Nay
1483047,5962,1,Yea
1483047,6014,2,Nay
1483047,6015,1,Yea
1483047,6019,1,Yea
1483047,6029,2,Nay
1483047,6032,2,Nay
1483047,11013,1,Yea
1483047,11015,1,Yea
1483047,11020,1,Yea
1483047,11599,2,Nay
1483047,15077,1,Yea
1483047,16267,1,Yea
1483047,16834,2,Nay
1483047,17365,1,Yea
1483047,19686,1,Yea
1483047,19730,1,Yea
1483047,20015,1,Yea
1483047,20805,2,Nay
1483047,21679,2,Nay
1483047,24827,1,Yea
1483047,25224,2,Nay
1483047,26344,1,Yea
1483047,26345,1,Yea
1483048,5850,1,Yea
1483048,5875,2,Nay
1483048,5904,1,Yea
1483048,5906,2,Nay
1483048,5921,2,Nay
1483048,5929,2,Nay
1483048,5933,2,Nay
1483048,5949,1,Yea
1483048,5962,2,Nay
1483048,6014,1,Yea
1483048,6015,2,Nay
1483048,6019,1,Yea
1483048,6029,1,Yea
1483048,6032,1,Yea
1483048,11013,2,Nay
1483048,11015,2,Nay
1483048,11020,2,Nay
1483048,11599,1,Yea
1483048,15077,2,Nay
1483048,16267,2,Nay
1483048,16834,1,Yea
1483048,17365,2,Nay
1483048,19686,2,Nay
1483048,19730,2,Nay
1483048,20015,2,Nay
1483048,20805,1,Yea
1483048,21679,1,Yea
1483048,24827,2,Nay
1483048,25224,1,Yea
1483048,26344,2,Nay
1483048,26345,2,Nay
1483049,5850,1,Yea
1483049,5875,2,Nay
1483049,5904,1,Yea
1483049,5906,2,Nay
1483049,5921,2,Nay
1483049,5929,2,Nay
1483049,5933,2,Nay
1483049,5949,1,Yea
1483049,5962,2,Nay
1483049,6014,1,Yea
1483049,6015,2,Nay
1483049,6019,2,Nay
1483049,6029,1,Yea
1483049,6032,1,Yea
1483049,11013,2,Nay
1483049,11015,2,Nay
1483049,11020,2,Nay
1483049,11599,1,Yea
1483049,15077,2,Nay
1483049,16267,2,Nay
1483049,16834,1,Yea
1483049,17365,2,Nay
1483049,19686,2,Nay
1483049,19730,2,Nay
1483049,20015,2,Nay
1483049,20805,1,Yea
1483049,21679,1,Yea
1483049,24827,2,Nay
1483049,25224,1,Yea
1483049,26344,2,Nay
1483049,26345,2,Nay
1483050,5850,1,Yea
1483050,5875,2,Nay
1483050,5904,1,Yea
1483050,5906,2,Nay
1483050,5921,2,Nay
1483050,5929,2,Nay
1483050,5933,2,Nay
1483050,5949,1,Yea
1483050,5962,2,Nay
1483050,6014,1,Yea
1483050,6015,2,Nay
1483050,6019,2,Nay
1483050,6029,1,Yea
1483050,6032,1,Yea
1483050,11013,2,Nay
1483050,11015,2,Nay
1483050,11020,2,Nay
1483050,11599,1,Yea
1483050,15077,2,Nay
1483050,16267,2,Nay
1483050,16834,1,Yea
1483050,17365,2,Nay
1483050,19686,2,Nay
1483050,19730,2,Nay
1483050,20015,2,Nay
1483050,20805,1,Yea
1483050,21679,1,Yea
1483050,24827,2,Nay
1483050,25224,1,Yea
1483050,26344,2,Nay
1483050,26345,2,Nay
1483051,5850,1,Yea
1483051,5875,2,Nay
1483051,5904,1,Yea
1483051,5906,2,Nay
1483051,5921,2,Nay
1483051,5929,2,Nay
1483051,5933,2,Nay
1483051,5949,1,Yea
1483051,5962,2,Nay
1483051,6014,1,Yea
1483051,6015,2,Nay
1483051,6019,2,Nay
1483051,6029,1,Yea
1483051,6032,1,Yea
1483051,11013,2,Nay
1483051,11015,2,Nay
1483051,11020,2,Nay
1483051,11599,1,Yea
1483051,15077,2,Nay
1483051,16267,2,Nay
1483051,16834,1,Yea
1483051,17365,2,Nay
1483051,19686,2,Nay
1483051,19730,2,Nay
1483051,20015,2,Nay
1483051,20805,1,Yea
1483051,21679,1,Yea
1483051,24827,2,Nay
1483051,25224,1,Yea
1483051,26344,2,Nay
1483051,26345,2,Nay
1483052,5850,1,Yea
1483052,5875,2,Nay
1483052,5904,1,Yea
1483052,5906,2,Nay
1483052,5921,2,Nay
1483052,5929,2,Nay
1483052,5933,2,Nay
1483052,5949,1,Yea
1483052,5962,2,Nay
1483052,6014,1,Yea
1483052,6015,2,Nay
1483052,6019,2,Nay
1483052,6029,1,Yea
1483052,6032,1,Yea
1483052,11013,2,Nay
1483052,11015,2,Nay
1483052,11020,2,Nay
1483052,11599,1,Yea
1483052,15077,2,Nay
1483052,16267,2,Nay
1483052,16834,1,Yea
1483052,17365,2,Nay
1483052,19686,2,Nay
1483052,19730,2,Nay
1483052,20015,2,Nay
1483052,20805,1,Yea
1483052,21679,1,Yea
1483052,24827,2,Nay
1483052,25224,1,Yea
1483052,26344,2,Nay
1483052,26345,2,Nay
1483053,5850,1,Yea
1483053,5875,2,Nay
1483053,5904,1,Yea
1483053,5906,2,Nay
1483053,5921,2,Nay
1483053,5929,2,Nay
1483053,5933,2,Nay
1483053,5949,1,Yea
1483053,5962,2,Nay
1483053,6014,1,Yea
1483053,6015,2,Nay
1483053,6019,2,Nay
1483053,6029,1,Yea
1483053,6032,1,Yea
1483053,11013,2,Nay
1483053,11015,2,Nay
1483053,11020,2,Nay
1483053,11599,1,Yea
1483053,15077,2,Nay
1483053,16267,2,Nay
1483053,16834,1,Yea
1483053,17365,2,Nay
1483053,19686,2,Nay
1483053,19730,2,Nay
1483053,20015,2,Nay
1483053,20805,1,Yea
1483053,21679,1,Yea
1483053,24827,2,Nay
1483053,25224,1,Yea
1483053,26344,2,Nay
1483053,26345,2,Nay
1483054,5850,1,Yea
1483054,5875,2,Nay
1483054,5904,1,Yea
1483054,5906,2,Nay
1483054,5921,2,Nay
1483054,5929,2,Nay
1483054,5933,2,Nay
1483054,5949,1,Yea
1483054,5962,2,Nay
1483054,6014,1,Yea
1483054,6015,2,Nay
1483054,6019,2,Nay
1483054,6029,1,Yea
1483054,6032,1,Yea
1483054,11013,2,Nay
1483054,11015,2,Nay
1483054,11020,2,Nay
1483054,11599,1,Yea
1483054,15077,2,Nay
1483054,16267,2,Nay
1483054,16834,1,Yea
1483054,17365,2,Nay
1483054,19686,2,Nay
1483054,19730,2,Nay
1483054,20015,2,Nay
1483054,20805,1,Yea
1483054,21679,1,Yea
1483054,24827,2,Nay
1483054,25224,1,Yea
1483054,26344,2,Nay
1483054,26345,2,Nay
1483055,5850,1,Yea
1483055,5875,2,Nay
1483055,5904,1,Yea
1483055,5906,2,Nay
1483055,5921,2,Nay
1483055,5929,2,Nay
1483055,5933,2,Nay
1483055,5949,1,Yea
1483055,5962,2,Nay
1483055,6014,1,Yea
1483055,6015,2,Nay
1483055,6019,2,Nay
1483055,6029,1,Yea
1483055,6032,1,Yea
1483055,11013,2,Nay
1483055,11015,2,Nay
1483055,11020,2,Nay
1483055,11599,1,Yea
1483055,15077,2,Nay
1483055,16267,2,Nay
1483055,16834,1,Yea
1483055,17365,2,Nay
1483055,19686,2,Nay
1483055,19730,2,Nay
1483055,20015,2,Nay
1483055,20805,1,Yea
1483055,21679,1,Yea
1483055,24827,2,Nay
1483055,25224,1,Yea
1483055,26344,2,Nay
1483055,26345,2,Nay
1483056,5850,1,Yea
1483056,5875,2,Nay
1483056,5904,1,Yea
1483056,5906,2,Nay
1483056,5921,2,Nay
1483056,5929,2,Nay
1483056,5933,2,Nay
1483056,5949,1,Yea
1483056,5962,2,Nay
1483056,6014,1,Yea
1483056,6015,2,Nay
1483056,6019,2,Nay
1483056,6029,1,Yea
1483056,6032,1,Yea
1483056,11013,2,Nay
1483056,11015,2,Nay
1483056,11020,2,Nay
1483056,11599,1,Yea
1483056,15077,2,Nay
1483056,16267,2,Nay
1483056,16834,1,Yea
1483056,17365,2,Nay
1483056,19686,2,Nay
1483056,19730,2,Nay
1483056,20015,2,Nay
1483056,20805,1,Yea
1483056,21679,1,Yea
1483056,24827,2,Nay
1483056,25224,1,Yea
1483056,26344,2,Nay
1483056,26345,2,Nay
1483057,5850,1,Yea
1483057,5875,2,Nay
1483057,5904,1,Yea
1483057,5906,2,Nay
1483057,5921,2,Nay
1483057,5929,2,Nay
1483057,5933,2,Nay
1483057,5949,1,Yea
1483057,5962,2,Nay
1483057,6014,1,Yea
1483057,6015,2,Nay
1483057,6019,2,Nay
1483057,6029,1,Yea
1483057,6032,1,Yea
1483057,11013,2,Nay
1483057,11015,2,Nay
1483057,11020,2,Nay
1483057,11599,1,Yea
1483057,15077,2,Nay
1483057,16267,2,Nay
1483057,16834,1,Yea
1483057,17365,2,Nay
1483057,19686,2,Nay
1483057,19730,2,Nay
1483057,20015,2,Nay
1483057,20805,1,Yea
1483057,21679,1,Yea
1483057,24827,2,Nay
1483057,25224,1,Yea
1483057,26344,2,Nay
1483057,26345,2,Nay
1483058,5850,1,Yea
1483058,5875,2,Nay
1483058,5904,1,Yea
1483058,5906,2,Nay
1483058,5921,2,Nay
1483058,5929,2,Nay
1483058,5933,2,Nay
1483058,5949,1,Yea
1483058,5962,2,Nay
1483058,6014,1,Yea
1483058,6015,2,Nay
1483058,6019,2,Nay
1483058,6029,1,Yea
1483058,6032,1,Yea
1483058,11013,2,Nay
1483058,11015,2,Nay
1483058,11020,2,Nay
1483058,11599,1,Yea
1483058,15077,2,Nay
1483058,16267,2,Nay
1483058,16834,1,Yea
1483058,17365,2,Nay
1483058,19686,2,Nay
1483058,19730,2,Nay
1483058,20015,2,Nay
1483058,20805,1,Yea
1483058,21679,1,Yea
1483058,24827,2,Nay
1483058,25224,1,Yea
1483058,26344,2,Nay
1483058,26345,2,Nay
1483059,5850,1,Yea
1483059,5875,1,Yea
1483059,5904,4,Absent
1483059,5906,1,Yea
1483059,5921,1,Yea
1483059,5929,1,Yea
1483059,5933,1,Yea
1483059,5949,2,Nay
1483059,5962,1,Yea
1483059,6014,1,Yea
1483059,6015,1,Yea
1483059,6019,1,Yea
1483059,6029,2,Nay
1483059,6032,1,Yea
1483059,11013,1,Yea
1483059,11015,1,Yea
1483059,11020,1,Yea
1483059,11599,1,Yea
1483059,15077,1,Yea
1483059,16267,1,Yea
1483059,16834,1,Yea
1483059,17365,1,Yea
1483059,19686,1,Yea
1483059,19730,1,Yea
1483059,20015,1,Yea
1483059,20805,2,Nay
1483059,21679,2,Nay
1483059,24827,1,Yea
1483059,25224,2,Nay
1483059,26344,1,Yea
1483059,26345,1,Yea
1483060,5850,1,Yea
1483060,5875,2,Nay
1483060,5904,1,Yea
1483060,5906,2,Nay
1483060,5921,2,Nay
1483060,5929,2,Nay
1483060,5933,2,Nay
1483060,5949,1,Yea
1483060,5962,2,Nay
1483060,6014,1,Yea
1483060,6015,2,Nay
1483060,6019,2,Nay
1483060,6029,1,Yea
1483060,6032,1,Yea
1483060,11013,2,Nay
1483060,11015,2,Nay
1483060,11020,2,Nay
1483060,11599,1,Yea
1483060,15077,2,Nay
1483060,16267,2,Nay
1483060,16834,1,Yea
1483060,17365,2,Nay
1483060,19686,2,Nay
1483060,19730,2,Nay
1483060,20015,2,Nay
1483060,20805,1,Yea
1483060,21679,1,Yea
1483060,24827,2,Nay
1483060,25224,1,Yea
1483060,26344,2,Nay
1483060,26345,2,Nay
1483061,5850,1,Yea
1483061,5875,2,Nay
1483061,5904,1,Yea
1483061,5906,2,Nay
1483061,5921,2,Nay
1483061,5929,2,Nay
1483061,5933,2,Nay
1483061,5949,1,Yea
1483061,5962,2,Nay
1483061,6014,1,Yea
1483061,6015,2,Nay
1483061,6019,2,Nay
1483061,6029,1,Yea
1483061,6032,1,Yea
1483061,11013,2,Nay
1483061,11015,2,Nay
1483061,11020,2,Nay
1483061,11599,1,Yea
1483061,15077,2,Nay
1483061,16267,2,Nay
1483061,16834,1,Yea
1483061,17365,2,Nay
1483061,19686,2,Nay
1483061,19730,2,Nay
1483061,20015,2,Nay
1483061,20805,1,Yea
1483061,21679,1,Yea
1483061,24827,2,Nay
1483061,25224,1,Yea
1483061,26344,2,Nay
1483061,26345,2,Nay
1483062,5850,1,Yea
1483062,5875,2,Nay
1483062,5904,1,Yea
1483062,5906,2,Nay
1483062,5921,2,Nay
1483062,5929,2,Nay
1483062,5933,2,Nay
1483062,5949,1,Yea
1483062,5962,2,Nay
1483062,6014,1,Yea
1483062,6015,2,Nay
1483062,6019,2,Nay
1483062,6029,1,Yea
1483062,6032,1,Yea
1483062,11013,2,Nay
1483062,11015,2,Nay
1483062,11020,2,Nay
1483062,11599,1,Yea
1483062,15077,2,Nay
1483062,16267,2,Nay
1483062,16834,1,Yea
1483062,17365,2,Nay
1483062,19686,2,Nay
1483062,19730,2,Nay
1483062,20015,2,Nay
1483062,20805,1,Yea
1483062,21679,1,Yea
1483062,24827,2,Nay
1483062,25224,1,Yea
1483062,26344,2,Nay
1483062,26345,2,Nay
1483063,5850,1,Yea
1483063,5875,2,Nay
1483063,5904,1,Yea
1483063,5906,2,Nay
1483063,5921,2,Nay
1483063,5929,2,Nay
1483063,5933,2,Nay
1483063,5949,1,Yea
1483063,5962,2,Nay
1483063,6014,1,Yea
1483063,6015,2,Nay
1483063,6019,2,Nay
1483063,6029,1,Yea
1483063,6032,1,Yea
1483063,11013,2,Nay
1483063,11015,2,Nay
1483063,11020,2,Nay
1483063,11599,1,Yea
1483063,15077,2,Nay
1483063,16267,2,Nay
1483063,16834,1,Yea
1483063,17365,2,Nay
1483063,19686,2,Nay
1483063,19730,2,Nay
1483063,20015,2,Nay
1483063,20805,1,Yea
1483063,21679,1,Yea
1483063,24827,2,Nay
1483063,25224,1,Yea
1483063,26344,2,Nay
1483063,26345,2,Nay
1483064,5850,2,Nay
1483064,5875,1,Yea
1483064,5904,2,Nay
1483064,5906,1,Yea
1483064,5921,1,Yea
1483064,5929,1,Yea
1483064,5933,1,Yea
1483064,5949,2,Nay
1483064,5962,1,Yea
1483064,6014,2,Nay
1483064,6015,1,Yea
1483064,6019,1,Yea
1483064,6029,2,Nay
1483064,6032,2,Nay
1483064,11013,1,Yea
1483064,11015,1,Yea
1483064,11020,1,Yea
1483064,11599,2,Nay
1483064,15077,1,Yea
1483064,16267,1,Yea
1483064,16834,2,Nay
1483064,17365,1,Yea
1483064,19686,1,Yea
1483064,19730,1,Yea
1483064,20015,1,Yea
1483064,20805,2,Nay
1483064,21679,2,Nay
1483064,24827,1,Yea
1483064,25224,2,Nay
1483064,26344,1,Yea
1483064,26345,1,Yea
1483065,5850,1,Yea
1483065,5875,2,Nay
1483065,5904,1,Yea
1483065,5906,2,Nay
1483065,5921,2,Nay
1483065,5929,2,Nay
1483065,5933,2,Nay
1483065,5949,1,Yea
1483065,5962,2,Nay
1483065,6014,1,Yea
1483065,6015,2,Nay
1483065,6019,2,Nay
1483065,6029,1,Yea
1483065,6032,1,Yea
1483065,11013,2,Nay
1483065,11015,2,Nay
1483065,11020,2,Nay
1483065,11599,1,Yea
1483065,15077,2,Nay
1483065,16267,2,Nay
1483065,16834,1,Yea
1483065,17365,2,Nay
1483065,19686,2,Nay
1483065,19730,2,Nay
1483065,20015,2,Nay
1483065,20805,1,Yea
1483065,21679,1,Yea
1483065,24827,2,Nay
1483065,25224,1,Yea
1483065,26344,2,Nay
1483065,26345,2,Nay
1483066,5850,1,Yea
1483066,5875,2,Nay
1483066,5904,1,Yea
1483066,5906,2,Nay
1483066,5921,2,Nay
1483066,5929,2,Nay
1483066,5933,2,Nay
1483066,5949,1,Yea
1483066,5962,2,Nay
1483066,6014,1,Yea
1483066,6015,2,Nay
1483066,6019,1,Yea
1483066,6029,1,Yea
1483066,6032,1,Yea
1483066,11013,2,Nay
1483066,11015,2,Nay
1483066,11020,2,Nay
1483066,11599,1,Yea
1483066,15077,2,Nay
1483066,16267,2,Nay
1483066,16834,1,Yea
1483066,17365,2,Nay
1483066,19686,2,Nay
1483066,19730,2,Nay
1483066,20015,2,Nay
1483066,20805,1,Yea
1483066,21679,1,Yea
1483066,24827,2,Nay
1483066,25224,1,Yea
1483066,26344,2,Nay
1483066,26345,2,Nay
1483067,5850,2,Nay
1483067,5875,1,Yea
1483067,5904,2,Nay
1483067,5906,1,Yea
1483067,5921,1,Yea
1483067,5929,1,Yea
1483067,5933,1,Yea
1483067,5949,2,Nay
1483067,5962,1,Yea
1483067,6014,2,Nay
1483067,6015,1,Yea
1483067,6019,2,Nay
1483067,6029,2,Nay
1483067,6032,2,Nay
1483067,11013,1,Yea
1483067,11015,1,Yea
1483067,11020,1,Yea
1483067,11599,2,Nay
1483067,15077,1,Yea
1483067,16267,1,Yea
1483067,16834,2,Nay
1483067,17365,1,Yea
1483067,19686,1,Yea
1483067,19730,1,Yea
1483067,20015,1,Yea
1483067,20805,2,Nay
1483067,21679,2,Nay
1483067,24827,1,Yea
1483067,25224,2,Nay
1483067,26344,1,Yea
1483067,26345,1,Yea
1483209,5850,2,Nay
1483209,5875,1,Yea
1483209,5904,2,Nay
1483209,5906,1,Yea
1483209,5921,1,Yea
1483209,5929,1,Yea
1483209,5933,1,Yea
1483209,5949,2,Nay
1483209,5962,1,Yea
1483209,6014,2,Nay
1483209,6015,1,Yea
1483209,6019,1,Yea
1483209,6029,2,Nay
1483209,6032,2,Nay
1483209,11013,1,Yea
1483209,11015,1,Yea
1483209,11020,1,Yea
1483209,11599,2,Nay
1483209,15077,1,Yea
1483209,16267,1,Yea
1483209,16834,2,Nay
1483209,17365,1,Yea
1483209,19686,1,Yea
1483209,19730,1,Yea
1483209,20015,1,Yea
1483209,20805,2,Nay
1483209,21679,2,Nay
1483209,24827,1,Yea
1483209,25224,2,Nay
1483209,26344,1,Yea
1483209,26345,1,Yea
1483210,5850,2,Nay
1483210,5875,1,Yea
1483210,5904,2,Nay
1483210,5906,1,Yea
1483210,5921,1,Yea
1483210,5929,1,Yea
1483210,5933,1,Yea
1483210,5949,2,Nay
1483210,5962,1,Yea
1483210,6014,2,Nay
1483210,6015,1,Yea
1483210,6019,2,Nay
1483210,6029,2,Nay
1483210,6032,2,Nay
1483210,11013,1,Yea
1483210,11015,1,Yea
1483210,11020,1,Yea
1483210,11599,2,Nay
1483210,15077,1,Yea
1483210,16267,1,Yea
1483210,16834,2,Nay
1483210,17365,1,Yea
1483210,19686,1,Yea
1483210,19730,1,Yea
1483210,20015,1,Yea
1483210,20805,2,Nay
1483210,21679,2,Nay
1483210,24827,1,Yea
1483210,25224,2,Nay
1483210,26344,1,Yea
1483210,26345,1,Yea
1474965,5848,1,Yea
1474965,5851,1,Yea
1474965,5862,1,Yea
1474965,5874,1,Yea
1474965,5877,1,Yea
1474965,5879,1,Yea
1474965,5884,1,Yea
1474965,5899,1,Yea
1474965,5903,1,Yea
1474965,5912,1,Yea
1474965,5920,1,Yea
1474965,5922,1,Yea
1474965,5944,4,Absent
1474965,5945,1,Yea
1474965,5954,1,Yea
1474965,5971,1,Yea
1474965,5979,1,Yea
1474965,5996,1,Yea
1474965,5997,1,Yea
1474965,11346,2,Nay
1474965,11349,1,Yea
1474965,11598,1,Yea
1474965,14046,1,Yea
1474965,14047,1,Yea
1474965,14236,4,Absent
1474965,14568,1,Yea
1474965,14783,1,Yea
1474965,14784,1,Yea
1474965,14785,1,Yea
1474965,14786,1,Yea
1474965,14990,1,Yea
1474965,15351,1,Yea
1474965,15352,1,Yea
1474965,15409,2,Nay
1474965,15425,1,Yea
1474965,15628,1,Yea
1474965,15629,1,Yea
1474965,15631,1,Yea
1474965,15686,1,Yea
1474965,16346,1,Yea
1474965,16526,1,Yea
1474965,16836,3,NV
1474965,16840,1,Yea
1474965,16842,1,Yea
1474965,16843,1,Yea
1474965,16845,1,Yea
1474965,16846,1,Yea
1474965,16847,1,Yea
1474965,16848,1,Yea
1474965,16851,2,Nay
1474965,17574,1,Yea
1474965,17576,4,Absent
1474965,17631,1,Yea
1474965,17984,1,Yea
1474965,18029,1,Yea
1474965,18672,1,Yea
1474965,18673,4,Absent
1474965,18674,1,Yea
1474965,18675,1,Yea
1474965,18680,2,Nay
1474965,18682,1,Yea
1474965,19319,2,Nay
1474965,19959,1,Yea
1474965,20016,1,Yea
1474965,20173,1,Yea
1474965,20228,1,Yea
1474965,20229,1,Yea
1474965,20230,1,Yea
1474965,20232,1,Yea
1474965,20234,1,Yea
1474965,20235,1,Yea
1474965,20236,1,Yea
1474965,20237,1,Yea
1474965,20240,1,Yea
1474965,20241,1,Yea
1474965,20243,1,Yea
1474965,20246,1,Yea
1474965,20248,1,Yea
1474965,21335,1,Yea
1474965,21336,1,Yea
1474965,21636,1,Yea
1474965,21683,1,Yea
1474965,21776,1,Yea
1474965,22136,1,Yea
1474965,22376,1,Yea
1474965,22427,4,Absent
1474965,22431,1,Yea
1474965,22433,1,Yea
1474965,22435,1,Yea
1474965,22437,1,Yea
1474965,22896,1,Yea
1474965,22955,2,Nay
1474965,23106,1,Yea
1474965,23120,1,Yea
1474965,23145,1,Yea
1474965,23179,4,Absent
1474965,23180,2,Nay
1474965,23184,1,Yea
1474965,23190,2,Nay
1474965,23342,1,Yea
1474965,23384,1,Yea
1474965,24075,1,Yea
1474965,24076,1,Yea
1474965,24077,4,Absent
1474965,24078,1,Yea
1474965,24079,1,Yea
1474965,24080,1,Yea
1474965,24082,4,Absent
1474965,24083,1,Yea
1474965,24084,2,Nay
1474965,24085,1,Yea
1474965,24086,2,Nay
1474965,24087,1,Yea
1474965,24088,1,Yea
1474965,24089,1,Yea
1474965,24090,1,Yea
1474965,24091,1,Yea
1474965,24094,1,Yea
1474965,25225,1,Yea
1474965,25226,1,Yea
1474965,25227,2,Nay
1474965,25228,1,Yea
1474965,25229,2,Nay
1474965,25230,1,Yea
1474965,25231,2,Nay
1474965,25235,1,Yea
1474965,25236,2,Nay
1474965,25237,2,Nay
1474965,25361,1,Yea
1474965,25362,2,Nay
1474965,25434,1,Yea
1474965,25510,1,Yea
1474965,25511,2,Nay
1474965,25512,1,Yea
1474965,25519,2,Nay
1474965,26329,1,Yea
1474965,26330,1,Yea
1474965,26331,2,Nay
1474965,26332,1,Yea
1474965,26333,2,Nay
1474965,26334,2,Nay
1474965,26335,2,Nay
1474965,26336,1,Yea
1474965,26337,2,Nay
1474965,26338,2,Nay
1474965,26339,1,Yea
1474965,26340,2,Nay
1474965,26341,1,Yea
1474965,26342,1,Yea
1474965,26343,1,Yea
1517639,5850,1,Yea
1517639,5875,1,Yea
1517639,5904,1,Yea
1517639,5906,1,Yea
1517639,5921,1,Yea
1517639,5929,4,Absent
1517639,5933,1,Yea
1517639,5949,1,Yea
1517639,5962,1,Yea
1517639,6014,1,Yea
1517639,6015,1,Yea
1517639,6019,1,Yea
1517639,6029,2,Nay
1517639,6032,1,Yea
1517639,11013,1,Yea
1517639,11015,1,Yea
1517639,11020,1,Yea
1517639,11599,2,Nay
1517639,15077,1,Yea
1517639,16267,1,Yea
1517639,16834,1,Yea
1517639,17365,1,Yea
1517639,19686,1,Yea
1517639,19730,1,Yea
1517639,20015,1,Yea
1517639,20805,1,Yea
1517639,21679,2,Nay
1517639,24827,1,Yea
1517639,25224,1,Yea
1517639,26344,1,Yea
1517639,26345,1,Yea
1517640,5850,1,Yea
1517640,5875,1,Yea
1517640,5904,1,Yea
1517640,5906,1,Yea
1517640,5921,1,Yea
1517640,5929,4,Absent
1517640,5933,1,Yea
1517640,5949,1,Yea
1517640,5962,1,Yea
1517640,6014,1,Yea
1517640,6015,1,Yea
1517640,6019,1,Yea
1517640,6029,2,Nay
1517640,6032,1,Yea
1517640,11013,1,Yea
1517640,11015,1,Yea
1517640,11020,1,Yea
1517640,11599,2,Nay
1517640,15077,1,Yea
1517640,16267,1,Yea
1517640,16834,1,Yea
1517640,17365,1,Yea
1517640,19686,1,Yea
1517640,19730,1,Yea
1517640,20015,1,Yea
1517640,20805,1,Yea
1517640,21679,2,Nay
1517640,24827,1,Yea
1517640,25224,1,Yea
1517640,26344,1,Yea
1517640,26345,1,Yea
1516203,5875,2,Nay
1493900,5850,1,Yea
1493900,5875,1,Yea
1493900,5904,1,Yea
1493900,5906,1,Yea
1493900,5921,1,Yea
1493900,5929,1,Yea
1493900,5933,1,Yea
1493900,5949,1,Yea
1493900,5962,1,Yea
1493900,6014,1,Yea
1493900,6015,1,Yea
1493900,6019,1,Yea
1493900,6029,1,Yea
1493900,6032,1,Yea
1493900,11013,1,Yea
1493900,11015,1,Yea
1493900,11020,1,Yea
1493900,11599,4,Absent
1493900,15077,1,Yea
1493900,16267,1,Yea
1493900,16834,1,Yea
1493900,17365,1,Yea
1493900,19686,1,Yea
1493900,19730,1,Yea
1493900,20015,1,Yea
1493900,20805,1,Yea
1493900,21679,2,Nay
1493900,24827,1,Yea
1493900,25224,2,Nay
1493900,26344,1,Yea
1493900,26345,1,Yea
1493901,5850,1,Yea
1493901,5875,1,Yea
1493901,5904,1,Yea
1493901,5906,1,Yea
1493901,5921,1,Yea
1493901,5929,1,Yea
1493901,5933,1,Yea
1493901,5949,1,Yea
1493901,5962,1,Yea
1493901,6014,1,Yea
1493901,6015,1,Yea
1493901,6019,1,Yea
1493901,6029,1,Yea
1493901,6032,1,Yea
1493901,11013,1,Yea
1493901,11015,1,Yea
1493901,11020,1,Yea
1493901,11599,4,Absent
1493901,15077,1,Yea
1493901,16267,1,Yea
1493901,16834,1,Yea
1493901,17365,1,Yea
1493901,19686,1,Yea
1493901,19730,1,Yea
1493901,20015,1,Yea
1493901,20805,1,Yea
1493901,21679,2,Nay
1493901,24827,1,Yea
1493901,25224,2,Nay
1493901,26344,1,Yea
1493901,26345,1,Yea
1493902,5850,1,Yea
1493902,5875,1,Yea
1493902,5904,1,Yea
1493902,5906,1,Yea
1493902,5921,1,Yea
1493902,5929,1,Yea
1493902,5933,1,Yea
1493902,5949,1,Yea
1493902,5962,1,Yea
1493902,6014,1,Yea
1493902,6015,1,Yea
1493902,6019,1,Yea
1493902,6029,1,Yea
1493902,6032,1,Yea
1493902,11013,1,Yea
1493902,11015,1,Yea
1493902,11020,1,Yea
1493902,11599,4,Absent
1493902,15077,1,Yea
1493902,16267,1,Yea
1493902,16834,1,Yea
1493902,17365,1,Yea
1493902,19686,1,Yea
1493902,19730,1,Yea
1493902,20015,1,Yea
1493902,20805,1,Yea
1493902,21679,2,Nay
1493902,24827,1,Yea
1493902,25224,2,Nay
1493902,26344,1,Yea
1493902,26345,1,Yea
1493903,5850,1,Yea
1493903,5875,1,Yea
1493903,5904,1,Yea
1493903,5906,1,Yea
1493903,5921,1,Yea
1493903,5929,1,Yea
1493903,5933,1,Yea
1493903,5949,1,Yea
1493903,5962,1,Yea
1493903,6014,1,Yea
1493903,6015,1,Yea
1493903,6019,1,Yea
1493903,6029,1,Yea
1493903,6032,1,Yea
1493903,11013,1,Yea
1493903,11015,1,Yea
1493903,11020,1,Yea
1493903,11599,4,Absent
1493903,15077,1,Yea
1493903,16267,1,Yea
1493903,16834,1,Yea
1493903,17365,1,Yea
1493903,19686,1,Yea
1493903,19730,1,Yea
1493903,20015,1,Yea
1493903,20805,1,Yea
1493903,21679,2,Nay
1493903,24827,1,Yea
1493903,25224,2,Nay
1493903,26344,1,Yea
1493903,26345,1,Yea
1517806,5850,1,Yea
1517806,5875,1,Yea
1517806,5904,1,Yea
1517806,5906,1,Yea
1517806,5921,1,Yea
1517806,5929,4,Absent
1517806,5933,2,Nay
1517806,5949,1,Yea
1517806,5962,1,Yea
1517806,6014,1,Yea
1517806,6015,1,Yea
1517806,6019,1,Yea
1517806,6029,1,Yea
1517806,6032,1,Yea
1517806,11013,2,Nay
1517806,11015,1,Yea
1517806,11020,1,Yea
1517806,11599,1,Yea
1517806,15077,1,Yea
1517806,16267,1,Yea
1517806,16834,1,Yea
1517806,17365,1,Yea
1517806,19686,1,Yea
1517806,19730,1,Yea
1517806,20015,1,Yea
1517806,20805,1,Yea
1517806,21679,1,Yea
1517806,24827,1,Yea
1517806,25224,1,Yea
1517806,26344,1,Yea
1517806,26345,1,Yea
1479540,5848,1,Yea
1479540,5851,1,Yea
1479540,5862,1,Yea
1479540,5874,1,Yea
1479540,5877,1,Yea
1479540,5879,1,Yea
1479540,5884,1,Yea
1479540,5899,1,Yea
1479540,5903,1,Yea
1479540,5912,1,Yea
1479540,5920,1,Yea
1479540,5922,1,Yea
1479540,5944,1,Yea
1479540,5945,1,Yea
1479540,5954,1,Yea
1479540,5971,1,Yea
1479540,5979,1,Yea
1479540,5996,1,Yea
1479540,5997,1,Yea
1479540,11346,4,Absent
1479540,11349,1,Yea
1479540,11598,1,Yea
1479540,14046,1,Yea
1479540,14047,1,Yea
1479540,14236,1,Yea
1479540,14568,1,Yea
1479540,14783,1,Yea
1479540,14784,1,Yea
1479540,14785,1,Yea
1479540,14786,1,Yea
1479540,14990,1,Yea
1479540,15351,1,Yea
1479540,15352,1,Yea
1479540,15409,2,Nay
1479540,15425,1,Yea
1479540,15628,4,Absent
1479540,15629,1,Yea
1479540,15631,1,Yea
1479540,15686,1,Yea
1479540,16346,1,Yea
1479540,16526,1,Yea
1479540,16836,3,NV
1479540,16840,1,Yea
1479540,16842,1,Yea
1479540,16843,1,Yea
1479540,16845,1,Yea
1479540,16846,1,Yea
1479540,16847,1,Yea
1479540,16848,1,Yea
1479540,16851,2,Nay
1479540,17574,1,Yea
1479540,17576,1,Yea
1479540,17631,1,Yea
1479540,17984,4,Absent
1479540,18029,4,Absent
1479540,18672,1,Yea
1479540,18673,1,Yea
1479540,18674,4,Absent
1479540,18675,1,Yea
1479540,18680,1,Yea
1479540,18682,1,Yea
1479540,19319,2,Nay
1479540,19959,1,Yea
1479540,20016,1,Yea
1479540,20173,1,Yea
1479540,20228,1,Yea
1479540,20229,1,Yea
1479540,20230,1,Yea
1479540,20232,1,Yea
1479540,20234,1,Yea
1479540,20235,1,Yea
1479540,20236,1,Yea
1479540,20237,1,Yea
1479540,20240,1,Yea
1479540,20241,1,Yea
1479540,20243,1,Yea
1479540,20246,1,Yea
1479540,20248,1,Yea
1479540,21335,1,Yea
1479540,21336,1,Yea
1479540,21636,1,Yea
1479540,21683,1,Yea
1479540,21776,1,Yea
1479540,22136,1,Yea
1479540,22376,1,Yea
1479540,22427,1,Yea
1479540,22431,1,Yea
1479540,22433,1,Yea
1479540,22435,1,Yea
1479540,22437,1,Yea
1479540,22896,1,Yea
1479540,22955,2,Nay
1479540,23106,1,Yea
1479540,23120,1,Yea
1479540,23145,1,Yea
1479540,23179,1,Yea
1479540,23180,1,Yea
1479540,23184,1,Yea
1479540,23190,2,Nay
1479540,23342,4,Absent
1479540,23384,1,Yea
1479540,24075,1,Yea
1479540,24076,1,Yea
1479540,24077,1,Yea
1479540,24078,1,Yea
1479540,24079,4,Absent
1479540,24080,1,Yea
1479540,24082,1,Yea
1479540,24083,1,Yea
1479540,24084,1,Yea
1479540,24085,1,Yea
1479540,24086,1,Yea
1479540,24087,1,Yea
1479540,24088,1,Yea
1479540,24089,1,Yea
1479540,24090,1,Yea
1479540,24091,1,Yea
1479540,24094,1,Yea
1479540,25225,1,Yea
1479540,25226,1,Yea
1479540,25227,2,Nay
1479540,25228,1,Yea
1479540,25229,1,Yea
1479540,25230,2,Nay
1479540,25231,2,Nay
1479540,25235,2,Nay
1479540,25236,2,Nay
1479540,25237,2,Nay
1479540,25361,1,Yea
1479540,25362,4,Absent
1479540,25434,1,Yea
1479540,25510,1,Yea
1479540,25511,2,Nay
1479540,25512,1,Yea
1479540,25519,1,Yea
1479540,26329,1,Yea
1479540,26330,1,Yea
1479540,26331,2,Nay
1479540,26332,1,Yea
1479540,26333,2,Nay
1479540,26334,2,Nay
1479540,26335,1,Yea
1479540,26336,1,Yea
1479540,26337,2,Nay
1479540,26338,2,Nay
1479540,26339,1,Yea
1479540,26340,2,Nay
1479540,26341,1,Yea
1479540,26342,1,Yea
1479540,26343,1,Yea
1516510,21679,2,Nay
1516511,21679,2,Nay
1494210,11599,4,Absent
1494210,21679,2,Nay
1494211,5850,1,Yea
1494211,5875,1,Yea
1494211,5904,1,Yea
1494211,5906,1,Yea
1494211,5921,1,Yea
1494211,5929,1,Yea
1494211,5933,1,Yea
1494211,5949,1,Yea
1494211,5962,1,Yea
1494211,6014,1,Yea
1494211,6015,1,Yea
1494211,6019,1,Yea
1494211,6029,1,Yea
1494211,6032,1,Yea
1494211,11013,1,Yea
1494211,11015,1,Yea
1494211,11020,1,Yea
1494211,11599,4,Absent
1494211,15077,1,Yea
1494211,16267,1,Yea
1494211,16834,1,Yea
1494211,17365,1,Yea
1494211,19686,1,Yea
1494211,19730,1,Yea
1494211,20015,1,Yea
1494211,20805,1,Yea
1494211,21679,2,Nay
1494211,24827,1,Yea
1494211,25224,2,Nay
1494211,26344,1,Yea
1494211,26345,1,Yea
1495199,11599,4,Absent
1495199,21679,2,Nay
1495200,5850,1,Yea
1495200,5875,1,Yea
1495200,5904,1,Yea
1495200,5906,1,Yea
1495200,5921,1,Yea
1495200,5929,1,Yea
1495200,5933,1,Yea
1495200,5949,1,Yea
1495200,5962,1,Yea
1495200,6014,1,Yea
1495200,6015,1,Yea
1495200,6019,1,Yea
1495200,6029,1,Yea
1495200,6032,1,Yea
1495200,11013,1,Yea
1495200,11015,1,Yea
1495200,11020,1,Yea
1495200,11599,4,Absent
1495200,15077,1,Yea
1495200,16267,1,Yea
1495200,16834,1,Yea
1495200,17365,1,Yea
1495200,19686,1,Yea
1495200,19730,1,Yea
1495200,20015,1,Yea
1495200,20805,1,Yea
1495200,21679,2,Nay
1495200,24827,1,Yea
1495200,25224,2,Nay
1495200,26344,1,Yea
1495200,26345,1,Yea
1495201,11599,4,Absent
1495201,21679,2,Nay
1495202,5850,1,Yea
1495202,5875,1,Yea
1495202,5904,1,Yea
1495202,5906,1,Yea
1495202,5921,1,Yea
1495202,5929,1,Yea
1495202,5933,1,Yea
1495202,5949,1,Yea
1495202,5962,1,Yea
1495202,6014,1,Yea
1495202,6015,1,Yea
1495202,6019,1,Yea
1495202,6029,1,Yea
1495202,6032,1,Yea
1495202,11013,1,Yea
1495202,11015,1,Yea
1495202,11020,1,Yea
1495202,11599,4,Absent
1495202,15077,1,Yea
1495202,16267,1,Yea
1495202,16834,1,Yea
1495202,17365,1,Yea
1495202,19686,1,Yea
1495202,19730,1,Yea
1495202,20015,1,Yea
1495202,20805,1,Yea
1495202,21679,2,Nay
1495202,24827,1,Yea
1495202,25224,2,Nay
1495202,26344,1,Yea
1495202,26345,1,Yea
1494025,11599,4,Absent
1494025,21679,2,Nay
1494026,5850,1,Yea
1494026,5875,1,Yea
1494026,5904,2,Nay
1494026,5906,1,Yea
1494026,5921,1,Yea
1494026,5929,1,Yea
1494026,5933,1,Yea
1494026,5949,1,Yea
1494026,5962,1,Yea
1494026,6014,1,Yea
1494026,6015,1,Yea
1494026,6019,1,Yea
1494026,6029,1,Yea
1494026,6032,1,Yea
1494026,11013,1,Yea
1494026,11015,1,Yea
1494026,11020,1,Yea
1494026,11599,4,Absent
1494026,15077,1,Yea
1494026,16267,1,Yea
1494026,16834,1,Yea
1494026,17365,1,Yea
1494026,19686,1,Yea
1494026,19730,1,Yea
1494026,20015,1,Yea
1494026,20805,1,Yea
1494026,21679,2,Nay
1494026,24827,1,Yea
1494026,25224,2,Nay
1494026,26344,1,Yea
1494026,26345,1,Yea
1494027,11599,4,Absent
1494027,21679,2,Nay
1494028,5850,1,Yea
1494028,5875,1,Yea
1494028,5904,2,Nay
1494028,5906,1,Yea
1494028,5921,1,Yea
1494028,5929,1,Yea
1494028,5933,1,Yea
1494028,5949,1,Yea
1494028,5962,1,Yea
1494028,6014,1,Yea
1494028,6015,1,Yea
1494028,6019,1,Yea
1494028,6029,1,Yea
1494028,6032,1,Yea
1494028,11013,1,Yea
1494028,11015,1,Yea
1494028,11020,1,Yea
1494028,11599,4,Absent
1494028,15077,1,Yea
1494028,16267,1,Yea
1494028,16834,1,Yea
1494028,17365,1,Yea
1494028,19686,1,Yea
1494028,19730,1,Yea
1494028,20015,1,Yea
1494028,20805,1,Yea
1494028,21679,2,Nay
1494028,24827,1,Yea
1494028,25224,2,Nay
1494028,26344,1,Yea
1494028,26345,1,Yea
1486154,5848,1,Yea
1486154,5851,1,Yea
1486154,5862,1,Yea
1486154,5874,1,Yea
1486154,5877,1,Yea
1486154,5879,1,Yea
1486154,5884,1,Yea
1486154,5899,1,Yea
1486154,5903,1,Yea
1486154,5912,1,Yea
1486154,5920,1,Yea
1486154,5922,1,Yea
1486154,5944,1,Yea
1486154,5945,1,Yea
1486154,5954,1,Yea
1486154,5971,1,Yea
1486154,5979,1,Yea
1486154,5996,1,Yea
1486154,5997,1,Yea
1486154,11346,1,Yea
1486154,11349,1,Yea
1486154,11598,1,Yea
1486154,14046,1,Yea
1486154,14047,1,Yea
1486154,14236,1,Yea
1486154,14568,1,Yea
1486154,14783,1,Yea
1486154,14784,1,Yea
1486154,14785,1,Yea
1486154,14786,1,Yea
1486154,14990,1,Yea
1486154,15351,1,Yea
1486154,15352,1,Yea
1486154,15409,1,Yea
1486154,15425,1,Yea
1486154,15628,1,Yea
1486154,15629,1,Yea
1486154,15631,1,Yea
1486154,15686,1,Yea
1486154,16346,1,Yea
1486154,16526,1,Yea
1486154,16836,3,NV
1486154,16840,1,Yea
1486154,16842,1,Yea
1486154,16843,1,Yea
1486154,16845,1,Yea
1486154,16846,1,Yea
1486154,16847,1,Yea
1486154,16848,1,Yea
1486154,16851,1,Yea
1486154,17574,1,Yea
1486154,17576,1,Yea
1486154,17631,1,Yea
1486154,17984,1,Yea
1486154,18029,1,Yea
1486154,18672,1,Yea
1486154,18673,1,Yea
1486154,18674,1,Yea
1486154,18675,1,Yea
1486154,18680,1,Yea
1486154,18682,1,Yea
1486154,19319,1,Yea
1486154,19959,1,Yea
1486154,20016,1,Yea
1486154,20173,1,Yea
1486154,20228,1,Yea
1486154,20229,1,Yea
1486154,20230,1,Yea
1486154,20232,1,Yea
1486154,20234,1,Yea
1486154,20235,1,Yea
1486154,20236,1,Yea
1486154,20237,1,Yea
1486154,20240,1,Yea
1486154,20241,1,Yea
1486154,20243,1,Yea
1486154,20246,1,Yea
1486154,20248,1,Yea
1486154,21335,1,Yea
1486154,21336,1,Yea
1486154,21636,1,Yea
1486154,21683,1,Yea
1486154,21776,1,Yea
1486154,22136,1,Yea
1486154,22376,1,Yea
1486154,22427,1,Yea
1486154,22431,1,Yea
1486154,22433,1,Yea
1486154,22435,1,Yea
1486154,22437,1,Yea
1486154,22896,1,Yea
1486154,22955,1,Yea
1486154,23106,1,Yea
1486154,23120,1,Yea
1486154,23145,1,Yea
1486154,23179,1,Yea
1486154,23180,1,Yea
1486154,23184,1,Yea
1486154,23190,1,Yea
1486154,23342,1,Yea
1486154,23384,1,Yea
1486154,24075,1,Yea
1486154,24076,1,Yea
1486154,24077,1,Yea
1486154,24078,1,Yea
1486154,24079,1,Yea
1486154,24080,1,Yea
1486154,24082,1,Yea
1486154,24083,1,Yea
1486154,24084,1,Yea
1486154,24085,1,Yea
1486154,24086,1,Yea
1486154,24087,1,Yea
1486154,24088,1,Yea
1486154,24089,1,Yea
1486154,24090,1,Yea
1486154,24091,1,Yea
1486154,24094,1,Yea
1486154,25225,1,Yea
1486154,25226,1,Yea
1486154,25227,1,Yea
1486154,25228,1,Yea
1486154,25229,1,Yea
1486154,25230,1,Yea
1486154,25231,1,Yea
1486154,25235,1,Yea
1486154,25236,1,Yea
1486154,25237,4,Absent
1486154,25361,1,Yea
1486154,25362,1,Yea
1486154,25434,1,Yea
1486154,25510,1,Yea
1486154,25511,1,Yea
1486154,25512,1,Yea
1486154,25519,1,Yea
1486154,26329,1,Yea
1486154,26330,1,Yea
1486154,26331,1,Yea
1486154,26332,1,Yea
1486154,26333,1,Yea
1486154,26334,1,Yea
1486154,26335,1,Yea
1486154,26336,1,Yea
1486154,26337,1,Yea
1486154,26338,1,Yea
1486154,26339,1,Yea
1486154,26340,1,Yea
1486154,26341,1,Yea
1486154,26342,1,Yea
1486154,26343,1,Yea
1487701,5848,1,Yea
1487701,5851,1,Yea
1487701,5862,1,Yea
1487701,5874,1,Yea
1487701,5877,1,Yea
1487701,5879,1,Yea
1487701,5884,1,Yea
1487701,5899,1,Yea
1487701,5903,1,Yea
1487701,5912,1,Yea
1487701,5920,1,Yea
1487701,5922,1,Yea
1487701,5944,1,Yea
1487701,5945,1,Yea
1487701,5954,1,Yea
1487701,5971,1,Yea
1487701,5979,1,Yea
1487701,5996,1,Yea
1487701,5997,1,Yea
1487701,11346,2,Nay
1487701,11349,1,Yea
1487701,11598,1,Yea
1487701,14046,1,Yea
1487701,14047,1,Yea
1487701,14236,1,Yea
1487701,14568,1,Yea
1487701,14783,1,Yea
1487701,14784,1,Yea
1487701,14785,1,Yea
1487701,14786,1,Yea
1487701,14990,1,Yea
1487701,15351,1,Yea
1487701,15352,1,Yea
1487701,15409,2,Nay
1487701,15425,1,Yea
1487701,15628,1,Yea
1487701,15629,1,Yea
1487701,15631,1,Yea
1487701,15686,1,Yea
1487701,16346,1,Yea
1487701,16526,1,Yea
1487701,16836,3,NV
1487701,16840,1,Yea
1487701,16842,1,Yea
1487701,16843,1,Yea
1487701,16845,1,Yea
1487701,16846,1,Yea
1487701,16847,1,Yea
1487701,16848,1,Yea
1487701,16851,2,Nay
1487701,17574,1,Yea
1487701,17576,1,Yea
1487701,17631,1,Yea
1487701,17984,1,Yea
1487701,18029,1,Yea
1487701,18672,1,Yea
1487701,18673,1,Yea
1487701,18674,1,Yea
1487701,18675,1,Yea
1487701,18680,1,Yea
1487701,18682,1,Yea
1487701,19319,2,Nay
1487701,19959,1,Yea
1487701,20016,1,Yea
1487701,20173,1,Yea
1487701,20228,1,Yea
1487701,20229,1,Yea
1487701,20230,1,Yea
1487701,20232,1,Yea
1487701,20234,1,Yea
1487701,20235,1,Yea
1487701,20236,1,Yea
1487701,20237,1,Yea
1487701,20240,1,Yea
1487701,20241,1,Yea
1487701,20243,1,Yea
1487701,20246,1,Yea
1487701,20248,1,Yea
1487701,21335,1,Yea
1487701,21336,1,Yea
1487701,21636,1,Yea
1487701,21683,1,Yea
1487701,21776,1,Yea
1487701,22136,1,Yea
1487701,22376,1,Yea
1487701,22427,1,Yea
1487701,22431,1,Yea
1487701,22433,1,Yea
1487701,22435,1,Yea
1487701,22437,1,Yea
1487701,22896,1,Yea
1487701,22955,2,Nay
1487701,23106,1,Yea
1487701,23120,1,Yea
1487701,23145,1,Yea
1487701,23179,1,Yea
1487701,23180,1,Yea
1487701,23184,1,Yea
1487701,23190,2,Nay
1487701,23342,1,Yea
1487701,23384,1,Yea
1487701,24075,1,Yea
1487701,24076,1,Yea
1487701,24077,1,Yea
1487701,24078,1,Yea
1487701,24079,2,Nay
1487701,24080,1,Yea
1487701,24082,1,Yea
1487701,24083,1,Yea
1487701,24084,1,Yea
1487701,24085,1,Yea
1487701,24086,1,Yea
1487701,24087,1,Yea
1487701,24088,1,Yea
1487701,24089,1,Yea
1487701,24090,1,Yea
1487701,24091,1,Yea
1487701,24094,1,Yea
1487701,25225,1,Yea
1487701,25226,1,Yea
1487701,25227,2,Nay
1487701,25228,1,Yea
1487701,25229,1,Yea
1487701,25230,2,Nay
1487701,25231,2,Nay
1487701,25235,2,Nay
1487701,25236,2,Nay
1487701,25237,4,Absent
1487701,25361,1,Yea
1487701,25362,2,Nay
1487701,25434,2,Nay
1487701,25510,1,Yea
1487701,25511,2,Nay
1487701,25512,1,Yea
1487701,25519,1,Yea
1487701,26329,1,Yea
1487701,26330,1,Yea
1487701,26331,2,Nay
1487701,26332,1,Yea
1487701,26333,2,Nay
1487701,26334,2,Nay
1487701,26335,1,Yea
1487701,26336,1,Yea
1487701,26337,2,Nay
1487701,26338,2,Nay
1487701,26339,1,Yea
1487701,26340,2,Nay
1487701,26341,1,Yea
1487701,26342,1,Yea
1487701,26343,1,Yea
1507710,5850,1,Yea
1507710,5875,2,Nay
1507710,5904,2,Nay
1507710,5906,2,Nay
1507710,5921,1,Yea
1507710,5929,1,Yea
1507710,5933,1,Yea
1507710,5949,1,Yea
1507710,5962,1,Yea
1507710,6014,1,Yea
1507710,6015,1,Yea
1507710,6019,2,Nay
1507710,6029,1,Yea
1507710,6032,1,Yea
1507710,11013,1,Yea
1507710,11015,1,Yea
1507710,11020,1,Yea
1507710,11599,4,Absent
1507710,15077,1,Yea
1507710,16267,1,Yea
1507710,16834,1,Yea
1507710,17365,2,Nay
1507710,19686,1,Yea
1507710,19730,1,Yea
1507710,20015,1,Yea
1507710,20805,1,Yea
1507710,21679,1,Yea
1507710,24827,1,Yea
1507710,25224,1,Yea
1507710,26344,1,Yea
1507710,26345,1,Yea
1507711,5850,1,Yea
1507711,5875,2,Nay
1507711,5904,2,Nay
1507711,5906,2,Nay
1507711,5921,1,Yea
1507711,5929,1,Yea
1507711,5933,1,Yea
1507711,5949,1,Yea
1507711,5962,1,Yea
1507711,6014,1,Yea
1507711,6015,1,Yea
1507711,6019,2,Nay
1507711,6029,1,Yea
1507711,6032,1,Yea
1507711,11013,1,Yea
1507711,11015,1,Yea
1507711,11020,1,Yea
1507711,11599,4,Absent
1507711,15077,1,Yea
1507711,16267,1,Yea
1507711,16834,1,Yea
1507711,17365,2,Nay
1507711,19686,1,Yea
1507711,19730,1,Yea
1507711,20015,1,Yea
1507711,20805,1,Yea
1507711,21679,1,Yea
1507711,24827,1,Yea
1507711,25224,1,Yea
1507711,26344,1,Yea
1507711,26345,1,Yea
1507712,5850,1,Yea
1507712,5875,2,Nay
1507712,5904,2,Nay
1507712,5906,2,Nay
1507712,5921,1,Yea
1507712,5929,1,Yea
1507712,5933,1,Yea
1507712,5949,1,Yea
1507712,5962,1,Yea
1507712,6014,1,Yea
1507712,6015,1,Yea
1507712,6019,2,Nay
1507712,6029,1,Yea
1507712,6032,1,Yea
1507712,11013,1,Yea
1507712,11015,1,Yea
1507712,11020,1,Yea
1507712,11599,4,Absent
1507712,15077,1,Yea
1507712,16267,1,Yea
1507712,16834,1,Yea
1507712,17365,2,Nay
1507712,19686,1,Yea
1507712,19730,1,Yea
1507712,20015,1,Yea
1507712,20805,1,Yea
1507712,21679,1,Yea
1507712,24827,1,Yea
1507712,25224,1,Yea
1507712,26344,1,Yea
1507712,26345,1,Yea
1493030,5848,1,Yea
1493030,5851,1,Yea
1493030,5862,1,Yea
1493030,5874,1,Yea
1493030,5877,1,Yea
1493030,5879,1,Yea
1493030,5884,1,Yea
1493030,5899,1,Yea
1493030,5903,1,Yea
1493030,5912,1,Yea
1493030,5920,1,Yea
1493030,5922,1,Yea
1493030,5944,1,Yea
1493030,5945,1,Yea
1493030,5954,1,Yea
1493030,5971,1,Yea
1493030,5979,1,Yea
1493030,5996,1,Yea
1493030,5997,1,Yea
1493030,11346,2,Nay
1493030,11349,1,Yea
1493030,11598,1,Yea
1493030,14046,1,Yea
1493030,14047,1,Yea
1493030,14236,4,Absent
1493030,14568,1,Yea
1493030,14783,1,Yea
1493030,14784,1,Yea
1493030,14785,1,Yea
1493030,14786,1,Yea
1493030,14990,1,Yea
1493030,15351,1,Yea
1493030,15352,1,Yea
1493030,15409,2,Nay
1493030,15425,1,Yea
1493030,15628,1,Yea
1493030,15629,1,Yea
1493030,15631,1,Yea
1493030,15686,1,Yea
1493030,16346,1,Yea
1493030,16526,1,Yea
1493030,16836,3,NV
1493030,16840,1,Yea
1493030,16842,1,Yea
1493030,16843,1,Yea
1493030,16845,1,Yea
1493030,16846,4,Absent
1493030,16847,1,Yea
1493030,16848,1,Yea
1493030,16851,2,Nay
1493030,17574,1,Yea
1493030,17576,4,Absent
1493030,17631,1,Yea
1493030,17984,4,Absent
1493030,18029,1,Yea
1493030,18672,1,Yea
1493030,18673,1,Yea
1493030,18674,1,Yea
1493030,18675,1,Yea
1493030,18680,4,Absent
1493030,18682,1,Yea
1493030,19319,2,Nay
1493030,19959,1,Yea
1493030,20016,1,Yea
1493030,20173,1,Yea
1493030,20228,1,Yea
1493030,20229,1,Yea
1493030,20230,1,Yea
1493030,20232,1,Yea
1493030,20234,4,Absent
1493030,20235,1,Yea
1493030,20236,1,Yea
1493030,20237,1,Yea
1493030,20240,1,Yea
1493030,20241,1,Yea
1493030,20243,4,Absent
1493030,20246,1,Yea
1493030,20248,1,Yea
1493030,21335,1,Yea
1493030,21336,1,Yea
1493030,21636,1,Yea
1493030,21683,1,Yea
1493030,21776,1,Yea
1493030,22136,1,Yea
1493030,22376,1,Yea
1493030,22427,1,Yea
1493030,22431,1,Yea
1493030,22433,1,Yea
1493030,22435,1,Yea
1493030,22437,1,Yea
1493030,22896,1,Yea
1493030,22955,2,Nay
1493030,23106,1,Yea
1493030,23120,1,Yea
1493030,23145,1,Yea
1493030,23179,1,Yea
1493030,23180,1,Yea
1493030,23184,1,Yea
1493030,23190,2,Nay
1493030,23342,1,Yea
1493030,23384,1,Yea
1493030,24075,1,Yea
1493030,24076,1,Yea
1493030,24077,1,Yea
1493030,24078,1,Yea
1493030,24079,2,Nay
1493030,24080,1,Yea
1493030,24082,1,Yea
1493030,24083,1,Yea
1493030,24084,1,Yea
1493030,24085,2,Nay
1493030,24086,1,Yea
1493030,24087,1,Yea
1493030,24088,1,Yea
1493030,24089,1,Yea
1493030,24090,1,Yea
1493030,24091,1,Yea
1493030,24094,4,Absent
1493030,25225,1,Yea
1493030,25226,1,Yea
1493030,25227,2,Nay
1493030,25228,1,Yea
1493030,25229,1,Yea
1493030,25230,2,Nay
1493030,25231,2,Nay
1493030,25235,1,Yea
1493030,25236,2,Nay
1493030,25237,2,Nay
1493030,25361,1,Yea
1493030,25362,2,Nay
1493030,25434,1,Yea
1493030,25510,1,Yea
1493030,25511,2,Nay
1493030,25512,1,Yea
1493030,25519,1,Yea
1493030,26329,1,Yea
1493030,26330,1,Yea
1493030,26331,2,Nay
1493030,26332,1,Yea
1493030,26333,2,Nay
1493030,26334,2,Nay
1493030,26335,3,NV
1493030,26336,1,Yea
1493030,26337,2,Nay
1493030,26338,4,Absent
1493030,26339,1,Yea
1493030,26340,2,Nay
1493030,26341,1,Yea
1493030,26342,1,Yea
1493030,26343,2,Nay
1506166,5850,1,Yea
1506166,5875,2,Nay
1506166,5904,1,Yea
1506166,5906,2,Nay
1506166,5921,2,Nay
1506166,5929,2,Nay
1506166,5933,2,Nay
1506166,5949,1,Yea
1506166,5962,2,Nay
1506166,6014,1,Yea
1506166,6015,2,Nay
1506166,6019,2,Nay
1506166,6029,1,Yea
1506166,6032,1,Yea
1506166,11013,2,Nay
1506166,11015,2,Nay
1506166,11020,2,Nay
1506166,11599,1,Yea
1506166,15077,2,Nay
1506166,16267,2,Nay
1506166,16834,1,Yea
1506166,17365,2,Nay
1506166,19686,2,Nay
1506166,19730,2,Nay
1506166,20015,2,Nay
1506166,20805,1,Yea
1506166,21679,1,Yea
1506166,24827,2,Nay
1506166,25224,1,Yea
1506166,26344,2,Nay
1506166,26345,2,Nay
1506761,5850,1,Yea
1506761,5875,1,Yea
1506761,5904,1,Yea
1506761,5906,2,Nay
1506761,5921,1,Yea
1506761,5929,1,Yea
1506761,5933,1,Yea
1506761,5949,1,Yea
1506761,5962,1,Yea
1506761,6014,1,Yea
1506761,6015,1,Yea
1506761,6019,1,Yea
1506761,6029,1,Yea
1506761,6032,1,Yea
1506761,11013,1,Yea
1506761,11015,1,Yea
1506761,11020,1,Yea
1506761,11599,1,Yea
1506761,15077,1,Yea
1506761,16267,1,Yea
1506761,16834,1,Yea
1506761,17365,2,Nay
1506761,19686,1,Yea
1506761,19730,1,Yea
1506761,20015,1,Yea
1506761,20805,1,Yea
1506761,21679,1,Yea
1506761,24827,1,Yea
1506761,25224,1,Yea
1506761,26344,1,Yea
1506761,26345,1,Yea
1506266,5850,1,Yea
1506266,5875,1,Yea
1506266,5904,1,Yea
1506266,5906,2,Nay
1506266,5921,1,Yea
1506266,5929,1,Yea
1506266,5933,1,Yea
1506266,5949,1,Yea
1506266,5962,1,Yea
1506266,6014,1,Yea
1506266,6015,1,Yea
1506266,6019,1,Yea
1506266,6029,1,Yea
1506266,6032,1,Yea
1506266,11013,1,Yea
1506266,11015,1,Yea
1506266,11020,1,Yea
1506266,11599,1,Yea
1506266,15077,1,Yea
1506266,16267,1,Yea
1506266,16834,1,Yea
1506266,17365,2,Nay
1506266,19686,1,Yea
1506266,19730,1,Yea
1506266,20015,1,Yea
1506266,20805,1,Yea
1506266,21679,1,Yea
1506266,24827,1,Yea
1506266,25224,1,Yea
1506266,26344,1,Yea
1506266,26345,1,Yea
1499388,5848,1,Yea
1499388,5851,1,Yea
1499388,5862,1,Yea
1499388,5874,4,Absent
1499388,5877,1,Yea
1499388,5879,1,Yea
1499388,5884,1,Yea
1499388,5899,1,Yea
1499388,5903,1,Yea
1499388,5912,1,Yea
1499388,5920,1,Yea
1499388,5922,1,Yea
1499388,5944,1,Yea
1499388,5945,1,Yea
1499388,5954,1,Yea
1499388,5971,1,Yea
1499388,5979,1,Yea
1499388,5996,1,Yea
1499388,5997,1,Yea
1499388,11346,4,Absent
1499388,11349,1,Yea
1499388,11598,4,Absent
1499388,14046,1,Yea
1499388,14047,1,Yea
1499388,14236,1,Yea
1499388,14568,1,Yea
1499388,14783,1,Yea
1499388,14784,1,Yea
1499388,14785,1,Yea
1499388,14786,1,Yea
1499388,14990,1,Yea
1499388,15351,4,Absent
1499388,15352,1,Yea
1499388,15409,2,Nay
1499388,15425,1,Yea
1499388,15628,1,Yea
1499388,15629,4,Absent
1499388,15631,1,Yea
1499388,15686,1,Yea
1499388,16346,1,Yea
1499388,16526,1,Yea
1499388,16836,3,NV
1499388,16840,1,Yea
1499388,16842,2,Nay
1499388,16843,1,Yea
1499388,16845,1,Yea
1499388,16846,2,Nay
1499388,16847,1,Yea
1499388,16848,1,Yea
1499388,16851,2,Nay
1499388,17574,1,Yea
1499388,17576,1,Yea
1499388,17631,1,Yea
1499388,17984,2,Nay
1499388,18029,1,Yea
1499388,18672,1,Yea
1499388,18673,1,Yea
1499388,18674,1,Yea
1499388,18675,1,Yea
1499388,18680,2,Nay
1499388,18682,1,Yea
1499388,19319,2,Nay
1499388,19959,1,Yea
1499388,20016,1,Yea
1499388,20173,1,Yea
1499388,20228,1,Yea
1499388,20229,1,Yea
1499388,20230,1,Yea
1499388,20232,1,Yea
1499388,20234,1,Yea
1499388,20235,1,Yea
1499388,20236,1,Yea
1499388,20237,3,NV
1499388,20240,1,Yea
1499388,20241,4,Absent
1499388,20243,1,Yea
1499388,20246,1,Yea
1499388,20248,1,Yea
1499388,21335,1,Yea
1499388,21336,1,Yea
1499388,21636,1,Yea
1499388,21683,1,Yea
1499388,21776,2,Nay
1499388,22136,1,Yea
1499388,22376,2,Nay
1499388,22427,1,Yea
1499388,22431,1,Yea
1499388,22433,1,Yea
1499388,22435,2,Nay
1499388,22437,4,Absent
1499388,22896,1,Yea
1499388,22955,2,Nay
1499388,23106,1,Yea
1499388,23120,1,Yea
1499388,23145,1,Yea
1499388,23179,4,Absent
1499388,23180,2,Nay
1499388,23184,1,Yea
1499388,23190,2,Nay
1499388,23342,1,Yea
1499388,23384,2,Nay
1499388,24075,1,Yea
1499388,24076,1,Yea
1499388,24077,2,Nay
1499388,24078,1,Yea
1499388,24079,2,Nay
1499388,24080,1,Yea
1499388,24082,1,Yea
1499388,24083,1,Yea
1499388,24084,2,Nay
1499388,24085,2,Nay
1499388,24086,2,Nay
1499388,24087,1,Yea
1499388,24088,1,Yea
1499388,24089,4,Absent
1499388,24090,1,Yea
1499388,24091,4,Absent
1499388,24094,1,Yea
1499388,25225,4,Absent
1499388,25226,1,Yea
1499388,25227,2,Nay
1499388,25228,1,Yea
1499388,25229,2,Nay
1499388,25230,4,Absent
1499388,25231,2,Nay
1499388,25235,2,Nay
1499388,25236,4,Absent
1499388,25237,4,Absent
1499388,25361,1,Yea
1499388,25362,4,Absent
1499388,25434,4,Absent
1499388,25510,1,Yea
1499388,25511,1,Yea
1499388,25512,4,Absent
1499388,25519,2,Nay
1499388,26329,1,Yea
1499388,26330,1,Yea
1499388,26331,4,Absent
1499388,26332,4,Absent
1499388,26333,2,Nay
1499388,26334,2,Nay
1499388,26335,2,Nay
1499388,26336,1,Yea
1499388,26337,2,Nay
1499388,26338,4,Absent
1499388,26339,1,Yea
1499388,26340,4,Absent
1499388,26341,4,Absent
1499388,26342,1,Yea
1499388,26343,1,Yea
1507038,5848,1,Yea
1507038,5851,1,Yea
1507038,5862,1,Yea
1507038,5874,1,Yea
1507038,5877,1,Yea
1507038,5879,1,Yea
1507038,5884,1,Yea
1507038,5899,1,Yea
1507038,5903,1,Yea
1507038,5912,1,Yea
1507038,5920,1,Yea
1507038,5922,1,Yea
1507038,5944,1,Yea
1507038,5945,1,Yea
1507038,5954,1,Yea
1507038,5971,1,Yea
1507038,5979,1,Yea
1507038,5996,1,Yea
1507038,5997,1,Yea
1507038,11346,1,Yea
1507038,11349,1,Yea
1507038,11598,1,Yea
1507038,14046,1,Yea
1507038,14047,1,Yea
1507038,14236,1,Yea
1507038,14568,1,Yea
1507038,14783,1,Yea
1507038,14784,1,Yea
1507038,14785,1,Yea
1507038,14786,1,Yea
1507038,14990,1,Yea
1507038,15351,1,Yea
1507038,15352,1,Yea
1507038,15409,1,Yea
1507038,15425,1,Yea
1507038,15628,1,Yea
1507038,15629,1,Yea
1507038,15631,1,Yea
1507038,15686,1,Yea
1507038,16346,1,Yea
1507038,16526,1,Yea
1507038,16836,3,NV
1507038,16840,1,Yea
1507038,16842,1,Yea
1507038,16843,1,Yea
1507038,16845,1,Yea
1507038,16846,1,Yea
1507038,16847,1,Yea
1507038,16848,1,Yea
1507038,16851,1,Yea
1507038,17574,1,Yea
1507038,17576,1,Yea
1507038,17631,1,Yea
1507038,17984,1,Yea
1507038,18029,1,Yea
1507038,18672,1,Yea
1507038,18673,1,Yea
1507038,18674,1,Yea
1507038,18675,1,Yea
1507038,18680,1,Yea
1507038,18682,1,Yea
1507038,19319,1,Yea
1507038,19959,1,Yea
1507038,20016,1,Yea
1507038,20173,1,Yea
1507038,20228,1,Yea
1507038,20229,1,Yea
1507038,20230,1,Yea
1507038,20232,1,Yea
1507038,20234,1,Yea
1507038,20235,1,Yea
1507038,20236,1,Yea
1507038,20237,1,Yea
1507038,20240,1,Yea
1507038,20241,1,Yea
1507038,20243,1,Yea
1507038,20246,1,Yea
1507038,20248,1,Yea
1507038,21335,1,Yea
1507038,21336,1,Yea
1507038,21636,1,Yea
1507038,21683,1,Yea
1507038,21776,1,Yea
1507038,22136,1,Yea
1507038,22376,1,Yea
1507038,22427,1,Yea
1507038,22431,1,Yea
1507038,22433,1,Yea
1507038,22435,1,Yea
1507038,22437,1,Yea
1507038,22896,1,Yea
1507038,22955,1,Yea
1507038,23106,1,Yea
1507038,23120,1,Yea
1507038,23145,1,Yea
1507038,23179,1,Yea
1507038,23180,1,Yea
1507038,23184,1,Yea
1507038,23190,1,Yea
1507038,23342,1,Yea
1507038,23384,1,Yea
1507038,24075,1,Yea
1507038,24076,1,Yea
1507038,24077,1,Yea
1507038,24078,1,Yea
1507038,24079,1,Yea
1507038,24080,1,Yea
1507038,24082,1,Yea
1507038,24083,1,Yea
1507038,24084,1,Yea
1507038,24085,1,Yea
1507038,24086,1,Yea
1507038,24087,1,Yea
1507038,24088,1,Yea
1507038,24089,1,Yea
1507038,24090,1,Yea
1507038,24091,1,Yea
1507038,24094,1,Yea
1507038,25225,1,Yea
1507038,25226,1,Yea
1507038,25227,1,Yea
1507038,25228,1,Yea
1507038,25229,1,Yea
1507038,25230,1,Yea
1507038,25231,1,Yea
1507038,25235,1,Yea
1507038,25236,1,Yea
1507038,25237,4,Absent
1507038,25361,1,Yea
1507038,25362,1,Yea
1507038,25434,1,Yea
1507038,25510,1,Yea
1507038,25511,1,Yea
1507038,25512,1,Yea
1507038,25519,1,Yea
1507038,26329,1,Yea
1507038,26330,1,Yea
1507038,26331,1,Yea
1507038,26332,1,Yea
1507038,26333,1,Yea
1507038,26334,1,Yea
1507038,26335,1,Yea
1507038,26336,1,Yea
1507038,26337,1,Yea
1507038,26338,1,Yea
1507038,26339,1,Yea
1507038,26340,1,Yea
1507038,26341,1,Yea
1507038,26342,1,Yea
1507038,26343,1,Yea
